Timestamp,Open Price,High Price,Low Price,Close Price,Volume,Turnover
1746928800000,0.0806,0.08145,0.07888,0.07894,3351730,270017.4413
1746932400000,0.07894,0.08015,0.07845,0.07924,1503610,119177.1232
1746936000000,0.07924,0.0795,0.07846,0.0794,1251520,98766.7944
1746939600000,0.0794,0.0794,0.07784,0.07818,2263180,177868.607
1746943200000,0.07818,0.07908,0.07728,0.07798,2940440,230079.3759
1746946800000,0.07798,0.07803,0.0755,0.07678,4137030,318101.6787
1746950400000,0.07678,0.07732,0.07617,0.07638,1691270,129611.0511
1746954000000,0.07638,0.07808,0.07638,0.07735,1201530,92939.1652
1746957600000,0.07735,0.07826,0.07707,0.07724,2926660,227231.7113
1746961200000,0.07724,0.07751,0.07685,0.07738,1290980,99696.5568
1746964800000,0.07738,0.07836,0.07723,0.07825,1394770,108568.5442
1746968400000,0.07825,0.07828,0.07576,0.07586,2627050,203050.4562
1746972000000,0.07586,0.07681,0.07561,0.07681,1602530,122088.1276
1746975600000,0.07681,0.07814,0.07664,0.07691,2598840,200768.0307
1746979200000,0.07691,0.07788,0.07591,0.07753,1777290,137124.8679
1746982800000,0.07753,0.07844,0.07748,0.07835,1186760,92606.8872
1746986400000,0.07835,0.07908,0.07762,0.07886,1901680,149184.7383
1746990000000,0.07886,0.07897,0.07822,0.07853,822540,64593.0969
1746993600000,0.07853,0.07884,0.07793,0.07818,990700,77635.0133
1746997200000,0.07818,0.07818,0.0768,0.07733,1080160,83688.2694
1747000800000,0.07733,0.07796,0.07718,0.0777,1098890,85184.7878
1747004400000,0.0777,0.07859,0.0777,0.0781,613380,47983.686
1747008000000,0.0781,0.07931,0.07776,0.07917,1580220,124588.1506
1747011600000,0.07917,0.07928,0.0777,0.07816,1454910,114392.1408
1747015200000,0.07816,0.07903,0.07749,0.07776,1186060,92794.8544
1747018800000,0.07776,0.07863,0.07718,0.07812,1650310,128240.2569
1747022400000,0.07812,0.07856,0.0777,0.07838,1315470,102854.0155
1747026000000,0.07838,0.07842,0.07753,0.07756,1523370,118727.1102
1747029600000,0.07756,0.07839,0.07737,0.07819,2734220,212785.4911
1747033200000,0.07819,0.07895,0.07756,0.0785,4976530,389559.8609
1747036800000,0.0785,0.07888,0.0772,0.07854,2680100,208681.825
1747040400000,0.07854,0.0796,0.07854,0.07879,1832840,145018.1017
1747044000000,0.07879,0.0789,0.07806,0.07862,1676280,131381.262
1747047600000,0.07862,0.07956,0.07745,0.07763,2620310,206285.2934
1747051200000,0.07763,0.07787,0.07553,0.07708,4070940,312500.3421
1747054800000,0.07708,0.07752,0.07608,0.07721,1815230,139739.4379
1747058400000,0.07721,0.07758,0.07631,0.07656,4095500,314761.6066
1747062000000,0.07656,0.07846,0.07605,0.07763,4539510,350881.4211
1747065600000,0.07763,0.08109,0.07745,0.07931,5791110,460458.0048
1747069200000,0.07931,0.07995,0.07765,0.07776,3173130,249133.2218
1747072800000,0.07776,0.07788,0.07506,0.07596,5054960,384593.0798
1747076400000,0.07596,0.07692,0.07575,0.07685,2182690,166820.5349
1747080000000,0.07685,0.07709,0.07658,0.07692,734840,56443.6877
1747083600000,0.07692,0.07727,0.07662,0.07696,729380,56078.2441
1747087200000,0.07696,0.07764,0.07682,0.07736,498890,38522.0804
1747090800000,0.07736,0.07978,0.07686,0.07893,4530120,354280.6777
1747094400000,0.07893,0.0792,0.0776,0.07763,2726540,213915.6004
1747098000000,0.07763,0.07787,0.07651,0.07667,3598360,277313.8798
1747101600000,0.07667,0.07773,0.07418,0.07479,6767490,510444.8139
1747105200000,0.07479,0.07524,0.07353,0.07385,2456030,182340.8924
1747108800000,0.07385,0.07586,0.07376,0.07582,1467970,109779.8686
1747112400000,0.07582,0.07749,0.07567,0.07715,2996910,230356.4691
1747116000000,0.07715,0.07755,0.07588,0.07592,2361470,181903.659
1747119600000,0.07592,0.0807,0.07576,0.0799,8031990,635842.434
1747123200000,0.0799,0.08009,0.07819,0.07853,5927840,469921.563
1747126800000,0.07853,0.07946,0.07795,0.07938,2426190,190982.766
1747130400000,0.07938,0.07938,0.07788,0.07896,1941530,152412.7972
1747134000000,0.07896,0.07904,0.07814,0.07846,1614110,126758.1497
1747137600000,0.07846,0.07905,0.07772,0.07894,3001400,234899.1643
1747141200000,0.07894,0.07928,0.07825,0.07848,1229330,96830.1807
1747144800000,0.07848,0.07852,0.07736,0.07831,2377760,185204.9882
1747148400000,0.07831,0.0786,0.07767,0.07806,1527280,119325.5049
1747152000000,0.07806,0.07917,0.07795,0.07849,2388900,188402.8194
1747155600000,0.07849,0.07929,0.07848,0.07901,601930,47489.1093
1747159200000,0.07901,0.0834,0.07895,0.07984,14760350,1194614.9983
1747162800000,0.07984,0.08063,0.07953,0.08029,2212070,177334.574
1747166400000,0.08029,0.08042,0.07947,0.07964,1074510,85827.3372
1747170000000,0.07964,0.07986,0.07883,0.0795,1400800,111197.1174
1747173600000,0.0795,0.08022,0.07926,0.0799,1187210,94673.1799
1747177200000,0.0799,0.08064,0.07954,0.0796,1561640,125120.1852
1747180800000,0.0796,0.08042,0.07959,0.08042,1226650,98082.1527
1747184400000,0.08042,0.08056,0.0799,0.08017,1041110,83508.4295
1747188000000,0.08017,0.08123,0.07952,0.0811,2626640,211161.958
1747191600000,0.0811,0.0811,0.07907,0.08019,2211680,176665.5294
1747195200000,0.08019,0.08032,0.07926,0.08028,1588150,126704.4749
1747198800000,0.08028,0.08152,0.08012,0.08072,1745720,141141.0429
1747202400000,0.08072,0.08161,0.08046,0.0812,1317940,106802.6778
1747206000000,0.0812,0.08128,0.07992,0.08017,1669370,134247.7178
1747209600000,0.08017,0.0806,0.07539,0.07727,9229110,719485.7663
1747213200000,0.07727,0.07843,0.07692,0.07805,2511480,195452.5517
1747216800000,0.07805,0.07882,0.07799,0.07826,653400,51181.2148
1747220400000,0.07826,0.07899,0.07826,0.07848,1142480,89914.754
1747224000000,0.07848,0.07895,0.07762,0.07793,1400370,109821.5292
1747227600000,0.07793,0.07796,0.07664,0.07696,1867700,144488.6063
1747231200000,0.07696,0.07701,0.07551,0.07643,1685590,128689.558
1747234800000,0.07643,0.0768,0.07603,0.0768,1263530,96510.279
1747238400000,0.0768,0.07695,0.07609,0.07653,1473790,112840.1317
1747242000000,0.07653,0.0776,0.07529,0.07656,2632910,200526.9481
1747245600000,0.07656,0.07694,0.07619,0.07656,1370070,104878.0234
1747249200000,0.07656,0.07693,0.07626,0.07636,1550360,118667.1572
1747252800000,0.07636,0.07698,0.07636,0.07674,1260950,96678.2438
1747256400000,0.07674,0.07681,0.07622,0.07663,594720,45479.888
1747260000000,0.07663,0.07788,0.07643,0.07677,1803630,139041.2232
1747263600000,0.07677,0.07706,0.07631,0.07702,751660,57684.0861
1747267200000,0.07702,0.07743,0.0768,0.07734,1420670,109610.7526
1747270800000,0.07734,0.07739,0.07198,0.07492,6025030,453566.5059
1747274400000,0.07492,0.07556,0.07486,0.07533,2681390,201963.116
1747278000000,0.07533,0.07633,0.07508,0.07539,1521340,115187.7798
1747281600000,0.07539,0.0757,0.07523,0.0756,948930,71568.4313
1747285200000,0.0756,0.07565,0.07429,0.07438,1245380,93041.6982
1747288800000,0.07438,0.07505,0.07203,0.07301,4798100,351149.5965
1747292400000,0.07301,0.0731,0.07077,0.07087,3072880,220089.254
1747296000000,0.07087,0.07267,0.07086,0.07215,2105420,151135.6985
1747299600000,0.07215,0.07215,0.07056,0.07106,930650,66255.3875
1747303200000,0.07106,0.07122,0.07026,0.07096,1629790,115351.1934
1747306800000,0.07096,0.07201,0.07091,0.07156,1221690,87407.5254
1747310400000,0.07156,0.07206,0.07091,0.07162,2318130,165872.1637
1747314000000,0.07162,0.07185,0.07026,0.07069,2320900,164402.7825
1747317600000,0.07069,0.07102,0.06945,0.07021,1875850,131529.6524
1747321200000,0.07021,0.072,0.07004,0.07193,1371170,97624.8249
1747324800000,0.07193,0.07241,0.07161,0.07235,1472700,106071.2239
1747328400000,0.07235,0.07316,0.0722,0.07224,1509620,109848.3438
1747332000000,0.07224,0.07236,0.0707,0.07087,956170,68385.563
1747335600000,0.07087,0.07153,0.07072,0.07118,1147530,81628.6789
1747339200000,0.07118,0.07133,0.07064,0.0711,1131220,80312.441
1747342800000,0.0711,0.0711,0.07003,0.07076,2572610,181441.7626
1747346400000,0.07076,0.0718,0.07075,0.07089,1416860,101152.2818
1747350000000,0.07089,0.07133,0.0697,0.07102,1832370,128990.8757
1747353600000,0.07102,0.07166,0.07077,0.07135,1427860,101747.9538
1747357200000,0.07135,0.07163,0.07086,0.07159,895120,63888.9118
1747360800000,0.07159,0.07226,0.07138,0.072,1695680,121935.9709
1747364400000,0.072,0.07201,0.07147,0.07193,840520,60306.3159
1747368000000,0.07193,0.07208,0.07088,0.07132,1016020,72605.1115
1747371600000,0.07132,0.07196,0.07132,0.07174,511560,36677.8005
1747375200000,0.07174,0.07209,0.07136,0.07194,855830,61432.0065
1747378800000,0.07194,0.07194,0.071,0.07158,916130,65492.4978
1747382400000,0.07158,0.0718,0.07072,0.07096,929610,66095.8412
1747386000000,0.07096,0.07167,0.07096,0.07166,713380,50953.1663
1747389600000,0.07166,0.07182,0.07132,0.07175,1120090,80262.325
1747393200000,0.07175,0.07212,0.07147,0.07153,1134720,81445.1267
1747396800000,0.07153,0.07169,0.07088,0.07112,735530,52380.5252
1747400400000,0.07112,0.072,0.07097,0.072,574820,41169.195
1747404000000,0.072,0.07212,0.07084,0.07115,848870,60746.9133
1747407600000,0.07115,0.0717,0.07101,0.07122,817880,58291.7014
1747411200000,0.07122,0.07154,0.07016,0.07094,1921790,135953.97
1747414800000,0.07094,0.07131,0.07001,0.07016,1249780,88299.4007
1747418400000,0.07016,0.07074,0.07014,0.07047,458660,32324.9763
1747422000000,0.07047,0.07111,0.07047,0.07098,354330,25123.2592
1747425600000,0.07098,0.07108,0.06985,0.0704,1011310,71267.9116
1747429200000,0.0704,0.07051,0.0699,0.07014,740410,52034.7104
1747432800000,0.07014,0.07014,0.06934,0.0696,1288780,89700.181
1747436400000,0.0696,0.07016,0.0696,0.06964,711370,49706.2121
1747440000000,0.06964,0.0699,0.06831,0.06899,1825900,126208.4583
1747443600000,0.06899,0.06899,0.06791,0.06829,1361260,92926.7944
1747447200000,0.06829,0.06913,0.06815,0.06892,761170,52318.8908
1747450800000,0.06892,0.06928,0.06819,0.06923,1034050,71211.0915
1747454400000,0.06923,0.06976,0.06914,0.06951,1265620,87860.9046
1747458000000,0.06951,0.06955,0.06805,0.06843,3221070,221323.6845
1747461600000,0.06843,0.0687,0.06826,0.06866,505670,34632.7242
1747465200000,0.06866,0.06912,0.06818,0.06838,1026690,70453.0743
1747468800000,0.06838,0.06872,0.06819,0.06836,400090,27416.3259
1747472400000,0.06836,0.06836,0.06737,0.06806,1972470,133850.4132
1747476000000,0.06806,0.06871,0.06793,0.06833,691420,47343.2883
1747479600000,0.06833,0.06853,0.06784,0.06804,243060,16584.4272
1747483200000,0.06804,0.06847,0.06804,0.06814,706720,48280.1851
1747486800000,0.06814,0.0683,0.06693,0.06726,1416990,95480.3134
1747490400000,0.06726,0.06828,0.06726,0.06826,628620,42747.1739
1747494000000,0.06826,0.06862,0.06804,0.06816,584860,39967.986
1747497600000,0.06816,0.06825,0.06708,0.06766,649020,43868.5824
1747501200000,0.06766,0.06838,0.06761,0.06777,724520,49363.8888
1747504800000,0.06777,0.06844,0.06746,0.06775,2856660,194122.1377
1747508400000,0.06775,0.06839,0.06746,0.0679,336700,22914.2871
1747512000000,0.0679,0.06891,0.06758,0.06877,875630,59776.6427
1747515600000,0.06877,0.0688,0.06805,0.06853,423670,29006.4112
1747519200000,0.06853,0.06853,0.0674,0.06777,580820,39340.8476
1747522800000,0.06777,0.06841,0.06749,0.06813,465960,31719.5492
1747526400000,0.06813,0.06854,0.06798,0.06828,643290,43904.6595
1747530000000,0.06828,0.06883,0.0682,0.06864,253500,17352.538
1747533600000,0.06864,0.0689,0.0684,0.06856,481620,33054.8639
1747537200000,0.06856,0.0688,0.0682,0.0686,739140,50638.2765
1747540800000,0.0686,0.06896,0.06847,0.06889,627630,43161.0568
1747544400000,0.06889,0.06973,0.06889,0.06965,1047170,72707.6009
1747548000000,0.06965,0.06974,0.06906,0.06928,882100,61195.4781
1747551600000,0.06928,0.06973,0.06925,0.06973,851680,59210.6866
1747555200000,0.06973,0.07039,0.06972,0.07023,1369930,95973.5813
1747558800000,0.07023,0.0704,0.06947,0.06958,1430280,99766.5276
1747562400000,0.06958,0.06983,0.06944,0.06964,312550,21763.2886
1747566000000,0.06964,0.07026,0.06936,0.06944,1366300,95369.485
1747569600000,0.06944,0.06996,0.06892,0.06967,1294440,90027.9917
1747573200000,0.06967,0.07,0.06936,0.06994,1383620,96215.2725
1747576800000,0.06994,0.07059,0.06986,0.07018,1866420,131235.0519
1747580400000,0.07018,0.07074,0.06996,0.07048,977630,68763.4487
1747584000000,0.07048,0.07067,0.07014,0.07036,796800,56027.1614
1747587600000,0.07036,0.07036,0.0691,0.0691,813790,56728.1643
1747591200000,0.0691,0.06921,0.06844,0.06886,1276770,87781.0142
1747594800000,0.06886,0.06913,0.06802,0.06806,444930,30543.7306
1747598400000,0.06806,0.06849,0.06754,0.06835,1483090,100775.6637
1747602000000,0.06835,0.06893,0.06834,0.0684,405530,27818.4175
1747605600000,0.0684,0.07176,0.06796,0.07176,14903450,1046453.5215
1747609200000,0.07176,0.07309,0.07132,0.07261,3622990,262342.9951
1747612800000,0.07261,0.0727,0.07106,0.07152,3409270,244878.4202
1747616400000,0.07152,0.07216,0.07052,0.07059,1221020,86970.8506
1747620000000,0.07059,0.07065,0.07001,0.07007,1144700,80401.6723
1747623600000,0.07007,0.07029,0.07,0.07,2801300,196284.8316
1747627200000,0.07,0.0712,0.06922,0.06992,7811940,547122.4511
1747630800000,0.06992,0.07118,0.06948,0.07091,2178920,152848.4578
1747634400000,0.07091,0.07225,0.0705,0.07064,5656710,404093.6003
1747638000000,0.07064,0.07308,0.07055,0.07228,4054480,292892.4278
1747641600000,0.07228,0.07231,0.07055,0.07112,2507340,179043.4342
1747645200000,0.07112,0.07246,0.07079,0.07166,4512830,323796.4093
1747648800000,0.07166,0.072,0.07025,0.07077,8415460,597440.394
1747652400000,0.07077,0.07159,0.0702,0.07128,1809400,128216.6309
1747656000000,0.07128,0.07136,0.07015,0.07098,2417550,171282.927
1747659600000,0.07098,0.07203,0.07084,0.07109,5127500,365628.4834
1747663200000,0.07109,0.07128,0.07052,0.07075,2172110,154032.8261
1747666800000,0.07075,0.07107,0.07015,0.07036,1361030,96010.1996
1747670400000,0.07036,0.07061,0.06846,0.07039,5372080,372589.5507
1747674000000,0.07039,0.07102,0.07024,0.07038,1875210,132549.8228
1747677600000,0.07038,0.07047,0.06924,0.06977,1667140,116516.0133
1747681200000,0.06977,0.07029,0.06952,0.06984,773740,53987.9457
1747684800000,0.06984,0.07004,0.06938,0.06969,622700,43400.8258
1747688400000,0.06969,0.07004,0.06938,0.06996,497600,34638.4987
1747692000000,0.06996,0.07,0.06957,0.06974,445960,31107.8685
1747695600000,0.06974,0.07017,0.06965,0.06999,413480,28902.8409
1747699200000,0.06999,0.0708,0.06999,0.07025,1109670,78081.0262
1747702800000,0.07025,0.07127,0.07018,0.07105,1027770,72555.4765
1747706400000,0.07105,0.07165,0.07093,0.07108,916180,65313.0701
1747710000000,0.07108,0.07178,0.07096,0.07141,889230,63371.0312
1747713600000,0.07141,0.07152,0.0708,0.07128,918560,65350.8744
1747717200000,0.07128,0.07148,0.07087,0.07092,660800,47071.2927
1747720800000,0.07092,0.0718,0.0705,0.07088,2306000,163650.0662
1747724400000,0.07088,0.07091,0.07002,0.07008,721810,50763.1112
1747728000000,0.07008,0.07039,0.06974,0.06997,493470,34558.4839
1747731600000,0.06997,0.07028,0.06986,0.06998,758590,53115.6508
1747735200000,0.06998,0.07025,0.06953,0.06977,1500700,105024.6564
1747738800000,0.06977,0.07003,0.06921,0.06974,964980,67143.59
1747742400000,0.06974,0.06999,0.069,0.06985,1563980,108510.0824
1747746000000,0.06985,0.07005,0.06954,0.06989,729490,50945.9819
1747749600000,0.06989,0.07056,0.06979,0.07037,500680,35148.9685
1747753200000,0.07037,0.07119,0.07032,0.07076,919650,65125.3299
1747756800000,0.07076,0.07086,0.07003,0.07063,1141220,80488.2132
1747760400000,0.07063,0.07133,0.07063,0.07092,424610,30173.9688
1747764000000,0.07092,0.071,0.06983,0.06998,524600,36938.6879
1747767600000,0.06998,0.07124,0.06991,0.07109,559180,39571.8471
1747771200000,0.07109,0.07122,0.07028,0.07109,2231280,158188.4372
1747774800000,0.07109,0.07172,0.07109,0.07144,689670,49259.3062
1747778400000,0.07144,0.07182,0.07112,0.07174,455320,32564.9702
1747782000000,0.07174,0.07224,0.07151,0.0719,1156130,83179.1521
1747785600000,0.0719,0.07196,0.07147,0.07196,435800,31262.9225
1747789200000,0.07196,0.0725,0.07189,0.07198,331280,23910.6694
1747792800000,0.07198,0.07206,0.07134,0.07195,429200,30751.5013
1747796400000,0.07195,0.07223,0.07182,0.0721,209580,15092.213
1747800000000,0.0721,0.07238,0.0716,0.07193,480200,34586.6862
1747803600000,0.07193,0.07239,0.07177,0.07214,441590,31872.8984
1747807200000,0.07214,0.07234,0.07179,0.07196,260820,18811.866
1747810800000,0.07196,0.0721,0.07066,0.07129,2028270,144727.5116
1747814400000,0.07129,0.07158,0.07076,0.07112,720360,51276.1412
1747818000000,0.07112,0.07123,0.07077,0.071,331400,23526.5231
1747821600000,0.071,0.07184,0.07094,0.07173,291130,20795.2315
1747825200000,0.07173,0.07218,0.07168,0.07176,630180,45308.9767
1747828800000,0.07176,0.07206,0.0714,0.07191,1246670,89444.4858
1747832400000,0.07191,0.07335,0.07162,0.07309,2195210,159898.3144
1747836000000,0.07309,0.07348,0.07262,0.07345,1266350,92436.6083
1747839600000,0.07345,0.07363,0.07259,0.0734,1673440,122593.976
1747843200000,0.0734,0.07381,0.0727,0.07276,2609150,191299.3802
1747846800000,0.07276,0.07308,0.07129,0.07179,4147570,298730.9274
1747850400000,0.07179,0.0726,0.07164,0.07216,1063790,76772.2133
1747854000000,0.07216,0.07273,0.07184,0.07259,385660,27893.9471
1747857600000,0.07259,0.0728,0.07215,0.07251,678700,49161.1381
1747861200000,0.07251,0.07256,0.07212,0.0722,273330,19765.2864
1747864800000,0.0722,0.07245,0.07197,0.0724,507500,36637.1867
1747868400000,0.0724,0.0728,0.07153,0.07228,1217740,87925.8669
1747872000000,0.07228,0.07278,0.07192,0.07269,592540,42863.9679
1747875600000,0.07269,0.07285,0.07218,0.07238,415330,30127.0483
1747879200000,0.07238,0.07293,0.07238,0.0728,423240,30764.9689
1747882800000,0.0728,0.07339,0.07266,0.07339,466230,34079.5911
1747886400000,0.07339,0.07354,0.07302,0.07336,485110,35556.5763
1747890000000,0.07336,0.07367,0.07279,0.07327,1273480,93168.6308
1747893600000,0.07327,0.07336,0.07248,0.07252,644260,46939.9186
1747897200000,0.07252,0.07406,0.0725,0.07377,2006770,147541.0389
1747900800000,0.07377,0.074,0.07341,0.07391,1416110,104425.8227
1747904400000,0.07391,0.07437,0.07345,0.07382,990810,73298.9871
1747908000000,0.07382,0.07386,0.07335,0.07344,618210,45465.531
1747911600000,0.07344,0.07358,0.07227,0.07316,3835850,279880.4984
1747915200000,0.07316,0.07332,0.07272,0.07293,363100,26514.9966
1747918800000,0.07293,0.07312,0.07254,0.07265,625410,45516.2496
1747922400000,0.07265,0.0734,0.07261,0.07323,1052540,76883.6146
1747926000000,0.07323,0.07375,0.07323,0.07337,591840,43518.3417
1747929600000,0.07337,0.07358,0.0729,0.07309,1056970,77316.9871
1747933200000,0.07309,0.07349,0.07298,0.07346,264920,19417.7384
1747936800000,0.07346,0.07352,0.07325,0.0734,206750,15175.7286
1747940400000,0.0734,0.0734,0.07271,0.07279,822600,59988.232
1747944000000,0.07279,0.07311,0.07248,0.07261,661580,48138.0185
1747947600000,0.07261,0.07283,0.07243,0.0728,304600,22125.5698
1747951200000,0.0728,0.0735,0.07266,0.07317,355150,25952.9887
1747954800000,0.07317,0.07365,0.07314,0.07349,386590,28379.2373
1747958400000,0.07349,0.07368,0.07306,0.07361,428210,31402.1599
1747962000000,0.07361,0.07401,0.07338,0.07384,362070,26717.2682
1747965600000,0.07384,0.07458,0.07384,0.07409,1098710,81406.6503
1747969200000,0.07409,0.07493,0.07408,0.07444,775550,57812.232
1747972800000,0.07444,0.07459,0.07302,0.07386,890090,65645.3397
1747976400000,0.07386,0.074,0.0733,0.07387,253600,18684.4215
1747980000000,0.07387,0.07388,0.07278,0.07299,1049710,76990.2075
1747983600000,0.07299,0.07348,0.0729,0.07308,353610,25874.2529
1747987200000,0.07308,0.07336,0.07269,0.07328,857480,62622.1917
1747990800000,0.07328,0.0738,0.07314,0.07371,609890,44837.142
1747994400000,0.07371,0.07371,0.07264,0.07315,776740,56793.5185
1747998000000,0.07315,0.07315,0.07092,0.0712,2970970,213242.3053
1748001600000,0.0712,0.0712,0.06956,0.0704,2572730,180875.9705
1748005200000,0.0704,0.07174,0.07016,0.07168,486310,34507.6775
1748008800000,0.07168,0.07206,0.07156,0.07179,385630,27670.4986
1748012400000,0.07179,0.0719,0.07093,0.07094,338470,24123.3333
1748016000000,0.07094,0.07109,0.06983,0.07046,1652950,116486.747
1748019600000,0.07046,0.07106,0.07046,0.07067,584580,41369.075
1748023200000,0.07067,0.07078,0.07007,0.07008,694130,48847.736
1748026800000,0.07008,0.07063,0.07008,0.07032,610100,42914.2541
1748030400000,0.07032,0.07032,0.06945,0.06951,505310,35286.742
1748034000000,0.06951,0.06985,0.06941,0.06953,298800,20798.9855
1748037600000,0.06953,0.06982,0.06947,0.06964,292040,20337.5876
1748041200000,0.06964,0.06967,0.06841,0.06857,1589970,109433.584
1748044800000,0.06857,0.06959,0.0681,0.06926,509250,35087.844
1748048400000,0.06926,0.06965,0.06926,0.06929,132620,9219.3925
1748052000000,0.06929,0.06987,0.06923,0.06962,363400,25280.9919
1748055600000,0.06962,0.07005,0.06956,0.06962,255860,17847.8168
1748059200000,0.06962,0.06994,0.06945,0.06978,307230,21410.5302
1748062800000,0.06978,0.06988,0.06944,0.06967,277530,19323.363
1748066400000,0.06967,0.06992,0.0693,0.06946,347710,24197.6673
1748070000000,0.06946,0.06991,0.06946,0.06986,279070,19443.3146
1748073600000,0.06986,0.07008,0.06945,0.06996,273950,19137.505
1748077200000,0.06996,0.07027,0.06984,0.07012,149720,10490.0147
1748080800000,0.07012,0.07104,0.06995,0.07096,328880,23198.0303
1748084400000,0.07096,0.07138,0.07068,0.07078,346060,24616.9529
1748088000000,0.07078,0.07098,0.07052,0.0709,220640,15609.982
1748091600000,0.0709,0.0715,0.07074,0.07142,370400,26327.7471
1748095200000,0.07142,0.07206,0.07142,0.07199,993760,71345.5865
1748098800000,0.07199,0.0728,0.07146,0.07275,852770,61526.4292
1748102400000,0.07275,0.0729,0.07232,0.07266,750580,54518.3544
1748106000000,0.07266,0.07364,0.07215,0.0733,1215790,88885.2743
1748109600000,0.0733,0.07368,0.07301,0.07325,1357990,99632.9142
1748113200000,0.07325,0.07365,0.07289,0.07306,720510,52789.4323
1748116800000,0.07306,0.07309,0.07256,0.07276,308260,22453.1863
1748120400000,0.07276,0.0734,0.07273,0.07322,446050,32650.2121
1748124000000,0.07322,0.07322,0.07256,0.07256,295710,21552.7482
1748127600000,0.07256,0.07266,0.07153,0.072,593290,42839.8821
1748131200000,0.072,0.07238,0.07068,0.07083,625880,44705.3964
1748134800000,0.07083,0.07167,0.07054,0.0713,721460,51386.7745
1748138400000,0.0713,0.07187,0.07057,0.07184,1482620,105271.8133
1748142000000,0.07184,0.07217,0.07153,0.07165,458720,32967.2975
1748145600000,0.07165,0.072,0.07106,0.07177,392950,28124.2332
1748149200000,0.07177,0.07231,0.07174,0.07226,597690,43071.927
1748152800000,0.07226,0.07263,0.07212,0.07258,488450,35377.4705
1748156400000,0.07258,0.07261,0.07154,0.07174,1462510,105290.809
1748160000000,0.07174,0.07177,0.06994,0.07028,2693810,190157.1159
1748163600000,0.07028,0.07067,0.06947,0.07026,1070210,74948.7218
1748167200000,0.07026,0.07068,0.07007,0.07011,444540,31273.4718
1748170800000,0.07011,0.07054,0.06977,0.06985,337580,23659.5479
1748174400000,0.06985,0.06989,0.06888,0.0698,707650,49110.3268
1748178000000,0.0698,0.07046,0.06969,0.07006,535510,37457.7181
1748181600000,0.07006,0.0701,0.06888,0.06901,510130,35409.7629
1748185200000,0.06901,0.06972,0.06805,0.06918,1795610,123583.7211
1748188800000,0.06918,0.06953,0.06836,0.06909,617900,42566.4812
1748192400000,0.06909,0.06931,0.0685,0.06884,534210,36792.7273
1748196000000,0.06884,0.0692,0.06863,0.06866,237170,16329.0542
1748199600000,0.06866,0.06968,0.0686,0.06936,368740,25507.5369
1748203200000,0.06936,0.06956,0.06915,0.06944,351090,24348.4776
1748206800000,0.06944,0.06969,0.06904,0.06914,190670,13222.0068
1748210400000,0.06914,0.07078,0.06909,0.07074,689210,48349.2354
1748214000000,0.07074,0.07092,0.07021,0.07056,247320,17451.0689
1748217600000,0.07056,0.07076,0.06988,0.07075,282050,19817.5596
1748221200000,0.07075,0.07108,0.07064,0.07089,465760,33005.7607
1748224800000,0.07089,0.07117,0.07044,0.07067,452350,32073.9403
1748228400000,0.07067,0.0715,0.07059,0.07135,561360,39902.2322
1748232000000,0.07135,0.07152,0.0712,0.07126,385320,27495.7763
1748235600000,0.07126,0.0716,0.07107,0.07155,145980,10412.3905
1748239200000,0.07155,0.07164,0.07135,0.07148,174740,12498.1633
1748242800000,0.07148,0.07158,0.07073,0.07125,899040,63956.3623
1748246400000,0.07125,0.07142,0.07051,0.07073,500910,35546.1675
1748250000000,0.07073,0.07089,0.07039,0.07054,366000,25859.4173
1748253600000,0.07054,0.071,0.07025,0.07046,276830,19554.9687
1748257200000,0.07046,0.07094,0.07031,0.07088,249010,17602.6551
1748260800000,0.07088,0.07151,0.07071,0.0713,211470,15032.9299
1748264400000,0.0713,0.0714,0.07006,0.07021,505680,35712.215
1748268000000,0.07021,0.07038,0.06998,0.07037,384690,27005.1399
1748271600000,0.07037,0.07107,0.07017,0.07084,461430,32615.7035
1748275200000,0.07084,0.0711,0.0699,0.07028,221540,15599.5374
1748278800000,0.07028,0.0705,0.06972,0.07021,292210,20470.6366
1748282400000,0.07021,0.07104,0.07014,0.07071,326980,23121.7667
1748286000000,0.07071,0.07092,0.0703,0.07056,186650,13168.6721
1748289600000,0.07056,0.07125,0.07036,0.07125,204880,14530.1971
1748293200000,0.07125,0.07136,0.07086,0.07096,138470,9841.9508
1748296800000,0.07096,0.07134,0.07083,0.07086,145150,10307.2511
1748300400000,0.07086,0.07086,0.0704,0.07049,251670,17768.2827
1748304000000,0.07049,0.07148,0.07009,0.0701,673470,47760.0537
1748307600000,0.0701,0.07011,0.06896,0.0697,629280,43732.3307
1748311200000,0.0697,0.0703,0.06968,0.07012,227920,15955.2261
1748314800000,0.07012,0.0705,0.07012,0.07022,279540,19665.0034
1748318400000,0.07022,0.07049,0.07003,0.07015,306760,21550.9569
1748322000000,0.07015,0.07035,0.0698,0.0703,236350,16542.0443
1748325600000,0.0703,0.07076,0.07012,0.07012,398970,28117.3208
1748329200000,0.07012,0.07062,0.07012,0.07046,159630,11244.0315
1748332800000,0.07046,0.07118,0.07046,0.07109,590950,41916.234
1748336400000,0.07109,0.07184,0.07086,0.07102,1301480,92731.3559
1748340000000,0.07102,0.07112,0.07012,0.07017,544910,38436.864
1748343600000,0.07017,0.07034,0.06962,0.07003,1042900,73018.009
1748347200000,0.07003,0.07039,0.0698,0.07008,678880,47555.4547
1748350800000,0.07008,0.07104,0.06985,0.06998,1025340,72336.2164
1748354400000,0.06998,0.0703,0.06952,0.06976,1207360,84443.221
1748358000000,0.06976,0.07039,0.0694,0.07034,538980,37602.5892
1748361600000,0.07034,0.07073,0.06994,0.07004,645880,45430.3131
1748365200000,0.07004,0.07082,0.06999,0.07036,452820,31914.2987
1748368800000,0.07036,0.0706,0.06998,0.07039,512100,36031.8914
1748372400000,0.07039,0.07069,0.07021,0.07063,246380,17370.4456
1748376000000,0.07063,0.07098,0.07048,0.07076,294940,20867.7159
1748379600000,0.07076,0.07079,0.07026,0.07033,121860,8587.917
1748383200000,0.07033,0.07069,0.07008,0.07061,293100,20607.4288
1748386800000,0.07061,0.07095,0.07045,0.07083,174370,12334.0896
1748390400000,0.07083,0.07098,0.07057,0.07089,611040,43256.2503
1748394000000,0.07089,0.071,0.0706,0.0707,379090,26844.1552
1748397600000,0.0707,0.0707,0.06965,0.07003,859560,60221.0028
1748401200000,0.07003,0.07024,0.06981,0.07016,107880,7553.9153
1748404800000,0.07016,0.07027,0.06989,0.07012,154360,10822.5729
1748408400000,0.07012,0.07016,0.06987,0.07004,142670,9985.9071
1748412000000,0.07004,0.07004,0.06901,0.06916,591000,41009.7211
1748415600000,0.06916,0.06943,0.06902,0.06915,366390,25351.2212
1748419200000,0.06915,0.06942,0.06904,0.06934,323900,22416.9797
1748422800000,0.06934,0.06934,0.06879,0.06892,237090,16344.6415
1748426400000,0.06892,0.06934,0.06868,0.0693,213930,14753.9649
1748430000000,0.0693,0.06949,0.06912,0.0692,365750,25343.588
1748433600000,0.0692,0.0698,0.06902,0.06944,218090,15151.1255
1748437200000,0.06944,0.06944,0.06854,0.06854,432380,29865.842
1748440800000,0.06854,0.06864,0.06589,0.06646,3813780,255310.5144
1748444400000,0.06646,0.06693,0.06594,0.0661,1004900,66730.431
1748448000000,0.0661,0.06634,0.06578,0.06631,650690,42980.7895
1748451600000,0.06631,0.0667,0.06576,0.06622,820040,54356.7979
1748455200000,0.06622,0.06639,0.06561,0.06597,619690,40874.882
1748458800000,0.06597,0.06618,0.06454,0.06482,1384670,90229.6161
1748462400000,0.06482,0.0652,0.06468,0.06513,433920,28170.9705
1748466000000,0.06513,0.0653,0.065,0.06527,299300,19490.0739
1748469600000,0.06527,0.06551,0.06513,0.06548,325450,21234.4003
1748473200000,0.06548,0.06626,0.06546,0.066,510840,33677.0365
1748476800000,0.066,0.06696,0.06566,0.06678,723090,47905.1386
1748480400000,0.06678,0.06701,0.06661,0.06681,276670,18469.8344
1748484000000,0.06681,0.06824,0.06653,0.06823,738040,49848.0664
1748487600000,0.06823,0.06828,0.06705,0.06749,485310,32817.2498
1748491200000,0.06749,0.06757,0.06624,0.06687,491630,32830.2649
1748494800000,0.06687,0.0671,0.06634,0.06663,601400,40121.5317
1748498400000,0.06663,0.06712,0.06662,0.06691,222420,14880.7681
1748502000000,0.06691,0.06698,0.06668,0.06686,79280,5297.3147
1748505600000,0.06686,0.0672,0.06661,0.06689,252360,16873.628
1748509200000,0.06689,0.06689,0.06618,0.06638,431970,28731.2086
1748512800000,0.06638,0.06678,0.06618,0.06668,385260,25614.793
1748516400000,0.06668,0.0669,0.0665,0.06666,130230,8680.1821
1748520000000,0.06666,0.06668,0.06603,0.0663,322390,21396.4646
1748523600000,0.0663,0.07428,0.0663,0.07397,36517090,2590178.0507
1748527200000,0.07397,0.07839,0.07353,0.07747,35780860,2724692.9863
1748530800000,0.07747,0.07829,0.07413,0.0772,52213900,4004350.0616
1748534400000,0.0772,0.07816,0.07081,0.0719,44184030,3225488.9357
1748538000000,0.0719,0.07236,0.07105,0.07182,3887870,279391.3658
1748541600000,0.07182,0.07232,0.07017,0.07126,6453370,458914.3337
1748545200000,0.07126,0.07351,0.07121,0.07251,6760110,490642.4888
1748548800000,0.07251,0.07342,0.07233,0.0727,2310440,168478.0227
1748552400000,0.0727,0.07349,0.07132,0.07193,4171540,301964.5936
1748556000000,0.07193,0.07218,0.07128,0.07183,1519960,109081.739
1748559600000,0.07183,0.07212,0.07148,0.07199,668680,48008.4642
1748563200000,0.07199,0.07257,0.06566,0.06859,17549820,1202841.879
1748566800000,0.06859,0.0696,0.06805,0.0691,1636580,112486.4657
1748570400000,0.0691,0.06962,0.06786,0.06804,1418330,97386.3064
1748574000000,0.06804,0.07033,0.06794,0.0695,3324540,230674.6932
1748577600000,0.0695,0.06963,0.06892,0.06902,1039940,72002.5177
1748581200000,0.06902,0.07026,0.06896,0.07026,1142310,79636.0856
1748584800000,0.07026,0.07052,0.06824,0.06887,9206830,639653.2633
1748588400000,0.06887,0.069,0.06691,0.06768,8294270,563221.4606
1748592000000,0.06768,0.06861,0.06654,0.06667,2907220,195822.6502
1748595600000,0.06667,0.06704,0.06484,0.06617,4775140,314583.8375
1748599200000,0.06617,0.06693,0.06513,0.06593,1958710,129506.1055
1748602800000,0.06593,0.06694,0.06593,0.0669,838620,55695.1168
1748606400000,0.0669,0.06694,0.06578,0.0665,894790,59389.9291
1748610000000,0.0665,0.06744,0.06558,0.0659,1471180,97648.853
1748613600000,0.0659,0.06635,0.06523,0.06589,2088910,137238.3089
1748617200000,0.06589,0.06674,0.06582,0.06666,3102930,205658.1202
1748620800000,0.06666,0.06669,0.06427,0.06517,2522530,164539.9734
1748624400000,0.06517,0.0658,0.06499,0.06545,623050,40709.3109
1748628000000,0.06545,0.06616,0.06536,0.06609,444970,29262.4473
1748631600000,0.06609,0.06664,0.06595,0.06611,464010,30749.6717
1748635200000,0.06611,0.06646,0.06584,0.06586,387490,25628.528
1748638800000,0.06586,0.06604,0.06533,0.06538,456460,30000.9267
1748642400000,0.06538,0.0654,0.06169,0.06169,3197570,202940.7577
1748646000000,0.06169,0.063,0.06121,0.06197,1892120,117494.7182
1748649600000,0.06197,0.06231,0.06097,0.06169,1123400,69144.7329
1748653200000,0.06169,0.06177,0.06036,0.06127,1147000,70143.0431
1748656800000,0.06127,0.06236,0.06068,0.06078,896480,55022.9506
1748660400000,0.06078,0.06129,0.0603,0.06103,776720,47187.0641
1748664000000,0.06103,0.06112,0.05979,0.06026,1852500,112066.8211
1748667600000,0.06026,0.06055,0.05962,0.05967,1321710,79539.969
1748671200000,0.05967,0.05974,0.05661,0.05738,5422960,314250.9856
1748674800000,0.05738,0.05895,0.05731,0.05815,944940,55011.5549
1748678400000,0.05815,0.05842,0.0573,0.05773,494650,28643.4462
1748682000000,0.05773,0.058,0.05691,0.05793,1048540,60110.9223
1748685600000,0.05793,0.05828,0.05719,0.05752,573430,33103.9983
1748689200000,0.05752,0.05757,0.05605,0.05619,1512930,85887.3681
1748692800000,0.05619,0.05632,0.05206,0.05612,12873460,698174.1785
1748696400000,0.05612,0.05675,0.05532,0.05544,1509270,84566.3555
1748700000000,0.05544,0.05617,0.05544,0.056,907920,50761.6083
1748703600000,0.056,0.05615,0.05522,0.05525,633190,35311.954
1748707200000,0.05525,0.05658,0.0547,0.05624,924420,51478.8991
1748710800000,0.05624,0.05644,0.05553,0.05566,466970,26172.8496
1748714400000,0.05566,0.05645,0.05563,0.05576,370430,20758.803
1748718000000,0.05576,0.05622,0.0557,0.05602,575320,32225.4427
1748721600000,0.05602,0.05618,0.05587,0.05603,421020,23574.421
1748725200000,0.05603,0.05638,0.05556,0.05573,808840,45277.8805
1748728800000,0.05573,0.05608,0.05521,0.05543,770230,42836.2858
1748732400000,0.05543,0.05669,0.05531,0.0561,1066100,59830.9413
1748736000000,0.0561,0.05621,0.05537,0.05561,655110,36578.2448
1748739600000,0.05561,0.05561,0.05414,0.05424,980950,53694.3939
1748743200000,0.05424,0.05492,0.0539,0.0542,852860,46357.1028
1748746800000,0.0542,0.05531,0.05393,0.05497,598890,32727.848
1748750400000,0.05497,0.05568,0.05432,0.05559,567800,31243.9543
1748754000000,0.05559,0.05644,0.05553,0.05591,1744580,97699.905
1748757600000,0.05591,0.05606,0.05532,0.05563,1245260,69227.8812
1748761200000,0.05563,0.05563,0.05508,0.05554,494810,27362.4962
1748764800000,0.05554,0.05574,0.055,0.0554,610940,33838.8105
1748768400000,0.0554,0.05568,0.0543,0.05452,734520,40275.9796
1748772000000,0.05452,0.05476,0.05419,0.05432,227070,12372.2223
1748775600000,0.05432,0.05534,0.05414,0.05502,394180,21642.6206
1748779200000,0.05502,0.05542,0.05444,0.05488,528440,28978.9002
1748782800000,0.05488,0.05609,0.05484,0.05592,669610,37278.1852
1748786400000,0.05592,0.05687,0.05592,0.05604,627990,35390.504
1748790000000,0.05604,0.05619,0.0555,0.0556,577400,32252.0833
1748793600000,0.0556,0.05633,0.05531,0.05613,545350,30400.665
1748797200000,0.05613,0.05642,0.05604,0.05617,312170,17553.0539
1748800800000,0.05617,0.05666,0.05566,0.05637,838460,47159.3385
1748804400000,0.05637,0.05686,0.05636,0.05667,169990,9625.7341
1748808000000,0.05667,0.05719,0.05658,0.05685,910390,51826.7267
1748811600000,0.05685,0.05751,0.05685,0.05698,597810,34172.1682
1748815200000,0.05698,0.05718,0.05681,0.0569,414820,23669.5924
1748818800000,0.0569,0.05726,0.0569,0.05704,351970,20084.593
1748822400000,0.05704,0.05719,0.05682,0.05711,337180,19223.6728
1748826000000,0.05711,0.05749,0.05672,0.05673,574180,32816.5472
1748829600000,0.05673,0.05675,0.05616,0.05616,297050,16785.1345
1748833200000,0.05616,0.05652,0.0558,0.05601,634410,35651.2704
1748836800000,0.05601,0.05626,0.05588,0.05608,364780,20476.4528
1748840400000,0.05608,0.05675,0.05597,0.0563,523570,29422.6944
1748844000000,0.0563,0.0569,0.05628,0.05665,454580,25725.1298
1748847600000,0.05665,0.05714,0.05645,0.05657,343780,19520.2055
1748851200000,0.05657,0.05665,0.05569,0.05598,674390,37823.8568
1748854800000,0.05598,0.05601,0.05562,0.05582,478670,26692.6678
1748858400000,0.05582,0.05614,0.05552,0.05612,377170,21076.9959
1748862000000,0.05612,0.05612,0.0557,0.05591,213550,11938.8587
1748865600000,0.05591,0.0563,0.05553,0.0563,426670,23849.4147
1748869200000,0.0563,0.05688,0.05607,0.05654,411440,23232.8682
1748872800000,0.05654,0.0578,0.05644,0.05743,988630,56401.2757
1748876400000,0.05743,0.05745,0.05644,0.05736,885220,50432.7884
1748880000000,0.05736,0.05763,0.05644,0.05701,1822150,103982.71
1748883600000,0.05701,0.05741,0.05668,0.05699,683430,38982.9493
1748887200000,0.05699,0.05729,0.05655,0.05674,745050,42415.9114
1748890800000,0.05674,0.05684,0.05597,0.05624,407670,22954.0783
1748894400000,0.05624,0.05688,0.05621,0.05682,295290,16736.5036
1748898000000,0.05682,0.05704,0.05674,0.05687,279230,15896.6669
1748901600000,0.05687,0.05721,0.05687,0.05705,153600,8769.8003
1748905200000,0.05705,0.05759,0.05705,0.05751,356580,20442.0601
1748908800000,0.05751,0.05876,0.05742,0.05813,702440,40828.3245
1748912400000,0.05813,0.05874,0.05813,0.05857,237390,13864.0687
1748916000000,0.05857,0.05869,0.05776,0.05799,966630,56139.494
1748923200000,0.05674,0.059,0.05554,0.05754,1300430,75341.6331
1748926800000,0.05754,0.05997,0.05748,0.05847,6034010,352271.7161
1748930400000,0.05847,0.06601,0.05805,0.06091,58256360,3571672.7246
1748934000000,0.06091,0.06216,0.05996,0.06057,6203560,377897.442
1748937600000,0.06057,0.06099,0.0581,0.05966,6903340,410443.7778
1748941200000,0.05966,0.06122,0.05926,0.06063,2339620,141053.6168
1748944800000,0.06063,0.06127,0.0601,0.06107,1710890,103814.774
1748948400000,0.06107,0.06109,0.05891,0.06006,2823910,169179.7306
1748952000000,0.06006,0.06057,0.05969,0.06029,1362500,82068.141
1748955600000,0.06029,0.06067,0.05969,0.05989,831400,50060.6668
1748959200000,0.05989,0.06085,0.0595,0.06073,559140,33763.6273
1748962800000,0.06073,0.06081,0.06021,0.06025,526300,31812.4627
1748966400000,0.06025,0.06032,0.05956,0.05992,540080,32384.9878
1748970000000,0.05992,0.06096,0.05968,0.06049,968780,58617.4871
1748973600000,0.06049,0.06099,0.06038,0.06096,155140,9392.8131
1748977200000,0.06096,0.06123,0.06073,0.06092,406210,24782.8155
1748980800000,0.06092,0.06171,0.05922,0.0596,2825410,171048.5553
1748984400000,0.0596,0.06015,0.05889,0.05904,1076300,64041.889
1748988000000,0.05904,0.05945,0.05904,0.05929,139730,8280.4023
1748991600000,0.05929,0.05994,0.05917,0.05994,240850,14340.7842
1748995200000,0.05994,0.06027,0.05944,0.05968,371830,22267.0991
1748998800000,0.05968,0.06016,0.05964,0.05985,156220,9361.3738
1749002400000,0.05985,0.06029,0.05971,0.05988,163750,9833.8489
1749006000000,0.05988,0.06009,0.05954,0.05997,233950,14012.5567
1749009600000,0.05997,0.06063,0.05971,0.06045,414920,25015.3468
1749013200000,0.06045,0.06048,0.06006,0.06042,104880,6325.954
1749016800000,0.06042,0.06056,0.05963,0.0605,505500,30334.933
1749020400000,0.0605,0.06082,0.06015,0.06046,504920,30543.3723
1749024000000,0.06046,0.0618,0.05906,0.05953,12908220,776739.797
1749027600000,0.05953,0.05987,0.05769,0.05808,4220440,247705.364
1749031200000,0.05808,0.05853,0.05748,0.05823,2251020,130675.6828
1749034800000,0.05823,0.05823,0.05718,0.05761,1618240,93244.1254
1749038400000,0.05761,0.05776,0.05661,0.0568,1830960,104410.2515
1749042000000,0.0568,0.05708,0.05651,0.05663,752780,42718.2408
1749045600000,0.05663,0.05688,0.05633,0.05672,632580,35781.9392
1749049200000,0.05672,0.05718,0.05672,0.05717,689930,39337.5001
1749052800000,0.05717,0.05729,0.05658,0.0568,766020,43606.6289
1749056400000,0.0568,0.05689,0.05537,0.05555,2035450,113970.9648
1749060000000,0.05555,0.05607,0.05543,0.05559,693630,38675.9487
1749063600000,0.05559,0.05604,0.05524,0.05535,1237240,68855.7661
1749067200000,0.05535,0.05584,0.05421,0.05465,2427370,133238.0873
1749070800000,0.05465,0.05504,0.05392,0.05436,1400750,76373.2581
1749074400000,0.05436,0.05457,0.05154,0.05257,6164570,327441.7933
1749078000000,0.05257,0.05345,0.05236,0.05309,2233220,118175.7755
1749081600000,0.05309,0.05337,0.05258,0.05265,656240,34732.4889
1749085200000,0.05265,0.05311,0.05246,0.0528,756750,39896.9334
1749088800000,0.0528,0.05371,0.05278,0.05324,1804740,96277.4991
1749092400000,0.05324,0.05338,0.05237,0.05292,2674430,141364.9918
1749096000000,0.05292,0.05313,0.05256,0.05277,771490,40735.651
1749099600000,0.05277,0.05286,0.05191,0.05273,1382240,72306.3967
1749103200000,0.05273,0.05289,0.05233,0.05263,822310,43294.8852
1749106800000,0.05263,0.05385,0.05258,0.05313,1542350,82139.7293
1749110400000,0.05313,0.05313,0.05271,0.05284,522820,27656.4561
1749114000000,0.05284,0.05295,0.05252,0.05274,533090,28118.1647
1749117600000,0.05274,0.053,0.05237,0.05269,633810,33374.209
1749121200000,0.05269,0.05313,0.05251,0.0531,238910,12645.027
1749124800000,0.0531,0.05378,0.05298,0.05341,783090,41871.6557
1749128400000,0.05341,0.05361,0.05279,0.05288,673990,35883.4356
1749132000000,0.05288,0.0536,0.05253,0.05338,584660,31040.9742
1749135600000,0.05338,0.05359,0.05306,0.05344,414240,22121.1447
1749139200000,0.05344,0.05346,0.05248,0.0526,574650,30331.4555
1749142800000,0.0526,0.05276,0.05236,0.05252,242750,12771.1418
1749146400000,0.05252,0.05301,0.05242,0.05278,432600,22790.3182
1749150000000,0.05278,0.05281,0.0508,0.05154,1879720,96974.1485
1749153600000,0.05154,0.05184,0.04843,0.0485,2822580,140771.6945
1749157200000,0.0485,0.04919,0.0485,0.04906,868620,42554.703
1749160800000,0.04906,0.04982,0.04871,0.04945,1029170,50714.4599
1749164400000,0.04945,0.04998,0.04942,0.0496,404620,20103.2635
1749168000000,0.0496,0.05003,0.0495,0.04987,451050,22470.5149
1749171600000,0.04987,0.05022,0.04981,0.05007,358470,17919.5579
1749175200000,0.05007,0.05033,0.04986,0.0503,189940,9492.728
1749178800000,0.0503,0.0503,0.04927,0.04947,519380,25845.1142
1749182400000,0.04947,0.04974,0.04934,0.04964,98460,4881.9272
1749186000000,0.04964,0.04978,0.04914,0.04931,529300,26140.6455
1749189600000,0.04931,0.04938,0.04908,0.0492,262450,12923.9451
1749193200000,0.0492,0.0496,0.04915,0.0496,319640,15782.5724
1749196800000,0.0496,0.04994,0.04958,0.04982,538640,26791.6735
1749200400000,0.04982,0.0499,0.04936,0.04938,253080,12558.4373
1749204000000,0.04938,0.04978,0.04927,0.0494,159180,7867.6657
1749207600000,0.0494,0.04955,0.04917,0.0494,217720,10752.419
1749211200000,0.0494,0.04957,0.04898,0.04906,465590,22977.8731
1749214800000,0.04906,0.04976,0.04883,0.04936,577950,28580.5819
1749218400000,0.04936,0.04984,0.04936,0.04984,109560,5441.5425
1749222000000,0.04984,0.0499,0.0491,0.04945,305990,15116.5531
1749225600000,0.04945,0.0497,0.04783,0.04796,1287660,62505.6304
1749229200000,0.04796,0.04814,0.04746,0.04781,608870,29074.8312
1749232800000,0.04781,0.04781,0.04658,0.04724,598110,28176.8376
1749236400000,0.04724,0.04783,0.0466,0.04692,1090380,51316.427
1749240000000,0.04692,0.04801,0.04692,0.04764,124330,5893.468
1749243600000,0.04764,0.04764,0.04739,0.04748,31070,1475.0365
1749247200000,0.04748,0.04748,0.04682,0.04698,405180,19050.2761
1749250800000,0.04698,0.04745,0.0468,0.04692,130370,6140.1679
1749254400000,0.04692,0.04771,0.04689,0.0477,370980,17581.2547
1749258000000,0.0477,0.04779,0.04723,0.04764,197320,9380.952
1749261600000,0.04764,0.04777,0.04745,0.04768,55330,2632.7694
1749265200000,0.04768,0.0485,0.04754,0.04828,1017420,49048.1108
1749268800000,0.04828,0.04849,0.04781,0.04836,1008420,48601.1629
1749272400000,0.04836,0.04863,0.04812,0.04837,307780,14892.0547
1749276000000,0.04837,0.04878,0.04829,0.04857,505650,24531.9846
1749279600000,0.04857,0.04865,0.0484,0.04847,174420,8460.1301
1749283200000,0.04847,0.04855,0.04814,0.04814,280140,13539.5788
1749286800000,0.04814,0.04838,0.04787,0.04795,1375900,66211.9293
1749290400000,0.04795,0.04833,0.0479,0.0483,475480,22873.9697
1749294000000,0.0483,0.04853,0.04816,0.04818,275480,13323.6327
1749297600000,0.04818,0.0485,0.04812,0.04828,612100,29554.242
1749301200000,0.04828,0.04832,0.04788,0.048,47590,2285.1911
1749304800000,0.048,0.04825,0.04786,0.04812,98570,4731.6751
1749308400000,0.04812,0.04817,0.04761,0.04812,308150,14749.055
1749312000000,0.04812,0.04853,0.04805,0.04822,202810,9786.4041
1749315600000,0.04822,0.04841,0.04805,0.04805,180800,8715.7427
1749319200000,0.04805,0.0486,0.04805,0.04826,136730,6611.7444
1749322800000,0.04826,0.04846,0.04818,0.04839,41630,2011.0546
1749326400000,0.04839,0.0484,0.04811,0.04833,126840,6124.574
1749330000000,0.04833,0.04857,0.0481,0.04833,253570,12232.5028
1749333600000,0.04833,0.04913,0.04827,0.04867,445200,21758.662
1749337200000,0.04867,0.04877,0.04841,0.04866,179440,8711.7521
1749340800000,0.04866,0.04877,0.04824,0.04834,114720,5563.2717
1749344400000,0.04834,0.04893,0.04834,0.04877,123570,6022.9795
1749348000000,0.04877,0.04933,0.04837,0.04863,779650,38079.2628
1749351600000,0.04863,0.04891,0.04837,0.04843,272450,13254.411
1749355200000,0.04843,0.04873,0.04826,0.04864,159800,7750.8167
1749358800000,0.04864,0.04864,0.04799,0.04799,377900,18251.613
1749362400000,0.04799,0.04814,0.0477,0.0477,354060,16955.4737
1749366000000,0.0477,0.0479,0.0476,0.04761,200870,9591.5478
1749369600000,0.04761,0.04792,0.04761,0.04779,89030,4254.6293
1749373200000,0.04779,0.04779,0.04739,0.04775,170030,8093.454
1749376800000,0.04775,0.04791,0.04751,0.04788,230190,10983.3892
1749380400000,0.04788,0.04861,0.04788,0.04861,341300,16457.3491
1749384000000,0.04861,0.04872,0.0484,0.04862,98550,4788.2426
1749387600000,0.04862,0.04904,0.04841,0.04852,399870,19465.0011
1749391200000,0.04852,0.04879,0.04835,0.0487,93440,4539.9864
1749394800000,0.0487,0.0489,0.04843,0.04848,75800,3695.6157
1749398400000,0.04848,0.04912,0.04848,0.04892,301010,14723.0369
1749402000000,0.04892,0.04937,0.04865,0.04915,513930,25180.7386
1749405600000,0.04915,0.0493,0.049,0.0491,101760,5000.2348
1749409200000,0.0491,0.04924,0.04893,0.04902,103250,5068.7479
1749412800000,0.04902,0.04938,0.04902,0.04914,119160,5865.2379
1749416400000,0.04914,0.04986,0.04914,0.04974,114240,5668.528
1749420000000,0.04974,0.04976,0.04934,0.0494,103470,5121.2722
1749423600000,0.0494,0.04956,0.04924,0.04942,24860,1226.6046
1749427200000,0.04942,0.04942,0.04908,0.04934,61570,3028.871
1749430800000,0.04934,0.04963,0.04929,0.0496,194860,9652.4222
1749434400000,0.0496,0.04981,0.04943,0.04943,115570,5740.0014
1749438000000,0.04943,0.04943,0.04874,0.04917,511970,25088.4
1749441600000,0.04917,0.04931,0.04889,0.04904,260970,12810.2497
1749445200000,0.04904,0.04927,0.04883,0.04902,149050,7304.4551
1749448800000,0.04902,0.04954,0.04875,0.0493,274140,13500.8125
1749452400000,0.0493,0.0494,0.04896,0.04918,110160,5413.5657
1749456000000,0.04918,0.0495,0.04887,0.04938,284740,14006.9042
1749459600000,0.04938,0.05026,0.04932,0.05026,1048030,52404.9456
1749463200000,0.05026,0.05058,0.05003,0.05032,253430,12762.5766
1749466800000,0.05032,0.05138,0.05003,0.05111,693170,35322.924
1749470400000,0.05111,0.05115,0.05054,0.05098,304100,15467.4303
1749474000000,0.05098,0.05127,0.05067,0.05116,179800,9175.6492
1749477600000,0.05116,0.05317,0.05095,0.05279,3374460,176956.7077
1749481200000,0.05279,0.0528,0.0518,0.05221,767470,40097.2325
1749484800000,0.05221,0.0526,0.05201,0.05251,388460,20308.2146
1749488400000,0.05251,0.05301,0.05228,0.05297,681170,35866.6407
1749492000000,0.05297,0.05442,0.05297,0.05436,1445130,77677.6414
1749495600000,0.05436,0.05449,0.05373,0.05378,1056200,57192.6946
1749499200000,0.05378,0.05422,0.05361,0.0537,415790,22416.9863
1749502800000,0.0537,0.05412,0.05357,0.05393,469460,25289.4176
1749506400000,0.05393,0.05693,0.05393,0.05677,1552380,86080.3567
1749510000000,0.05677,0.05716,0.05632,0.05714,1097310,62282.0045
1749513600000,0.05714,0.05768,0.05638,0.05722,912980,52087.4817
1749517200000,0.05722,0.05722,0.05584,0.05584,418320,23538.1397
